id;name;email;phone_number
1;scourge amid;Brycen.Mayer@hotmail.com;drudgery that
2;smash;Vince23@gmail.com;complicated
3;nucleotidase;Shayne.McLaughlin@gmail.com;now needle
4;superficial vaguely;Gene_McClure46@hotmail.com;wherever for colon
5;excepting chargrill incidentally;Emmitt.Hills@yahoo.com;marker but
6;so;Valentina.Lynch@hotmail.com;fatally awkwardly
7;our;Imani_Becker@gmail.com;society
8;inasmuch fairy;Sunny.Beatty15@gmail.com;boudoir analogy squeaky
9;kiddingly punch;Eva.Bayer@gmail.com;drat
10;neat absent;Sophia_Johns6@hotmail.com;ore lively
